{
	"id": "3e886830-fad5-4933-99b0-574a3f7410f2",
	"name": "JenkinsProdEnvironment",
	"values": [
		{
			"key": "JenkinsUserId",
			"value": "restuser",
			"enabled": true
		},
		{
			"key": "JenkinsRestToken",
			"value": "110d9ec1fa4abff02e6c6d7103892f2310",
			"enabled": true
		},
		{
			"key": "JenkinsUrl",
			"value": "ec2-52-41-142-136.us-west-2.compute.amazonaws.com",
			"enabled": true
		},
		{
			"key": "JobName",
			"value": "KP-DP-HELLO-WORLD",
			"enabled": true
		},
		{
			"key": "Token",
			"value": "RESTUSER",
			"enabled": true
		},
		{
			"key": "JobNameParameter",
			"value": "KS-UNIX-Hello-World",
			"enabled": true
		}
	],
	"_postman_variable_scope": "environment",
	"_postman_exported_at": "2022-10-25T19:03:18.684Z",
	"_postman_exported_using": "Postman/9.31.0"
}