{
	"info": {
		"_postman_id": "9a37adda-3c09-4f41-87d7-05fdd939b46e",
		"name": "JenkinsAPI",
		"schema": "https://schema.getpostman.com/json/collection/v2.1.0/collection.json"
	},
	"item": [
		{
			"name": "lastStableBuild",
			"request": {
				"method": "GET",
				"header": [],
				"url": {
					"raw": "http://{{JenkinsUserId}}:{{JenkinsRestToken}}@{{JenkinsUrl}}:8080/job/{{JobName}}/lastStableBuild/api/json",
					"protocol": "http",
					"auth": {
						"user": "{{JenkinsUserId}}",
						"password": "{{JenkinsRestToken}}"
					},
					"host": [
						"{{JenkinsUrl}}"
					],
					"port": "8080",
					"path": [
						"job",
						"{{JobName}}",
						"lastStableBuild",
						"api",
						"json"
					]
				}
			},
			"response": []
		},
		{
			"name": "RunBuild",
			"event": [
				{
					"listen": "test",
					"script": {
						"exec": [
							"pm.test(\"Status code is 201 - Created\", function () {",
							"    pm.response.to.have.status(201);",
							"});",
							"pm.test(\"Status code name has string\", function () {",
							"    pm.response.to.have.status(\"Created\");",
							"});"
						],
						"type": "text/javascript"
					}
				}
			],
			"request": {
				"method": "GET",
				"header": [],
				"url": {
					"raw": "http://{{JenkinsUserId}}:{{JenkinsRestToken}}@{{JenkinsUrl}}:8080/job/{{JobName}}/build?token={{Token}}",
					"protocol": "http",
					"auth": {
						"user": "{{JenkinsUserId}}",
						"password": "{{JenkinsRestToken}}"
					},
					"host": [
						"{{JenkinsUrl}}"
					],
					"port": "8080",
					"path": [
						"job",
						"{{JobName}}",
						"build"
					],
					"query": [
						{
							"key": "token",
							"value": "{{Token}}"
						}
					]
				}
			},
			"response": []
		},
		{
			"name": "RunBuild With Parameters",
			"event": [
				{
					"listen": "test",
					"script": {
						"exec": [
							"pm.test(\"Status code is 201 - Created\", function () {",
							"    pm.response.to.have.status(201);",
							"});",
							"pm.test(\"Status code name has string\", function () {",
							"    pm.response.to.have.status(\"Created\");",
							"});"
						],
						"type": "text/javascript"
					}
				}
			],
			"request": {
				"method": "GET",
				"header": [],
				"url": {
					"raw": "http://{{JenkinsUserId}}:{{JenkinsRestToken}}@{{JenkinsUrl}}:8080/job/{{JobNameParameter}}/buildWithParameters?token={{Token}}&USER_NAME=Harsha&SLEEP_TIME=4",
					"protocol": "http",
					"auth": {
						"user": "{{JenkinsUserId}}",
						"password": "{{JenkinsRestToken}}"
					},
					"host": [
						"{{JenkinsUrl}}"
					],
					"port": "8080",
					"path": [
						"job",
						"{{JobNameParameter}}",
						"buildWithParameters"
					],
					"query": [
						{
							"key": "token",
							"value": "{{Token}}"
						},
						{
							"key": "USER_NAME",
							"value": "Harsha"
						},
						{
							"key": "SLEEP_TIME",
							"value": "4"
						}
					]
				}
			},
			"response": []
		},
		{
			"name": "LastBuild buildNumber",
			"event": [
				{
					"listen": "test",
					"script": {
						"exec": [
							"pm.test(\"Status code is 200\", function () {",
							"    pm.response.to.have.status(200);",
							"});",
							"pm.test(\"Status code name has string\", function () {",
							"    pm.response.to.have.status(\"OK\");",
							"});",
							"pm.test(\"Response time is less than 200ms\", function () {",
							"    pm.expect(pm.response.responseTime).to.be.below(600);",
							"});",
							"",
							"pm.test(\"Body matches string\", function () {",
							"    pm.expect(parseInt(pm.response.text())).to.be.a('number');",
							"});"
						],
						"type": "text/javascript"
					}
				}
			],
			"request": {
				"method": "GET",
				"header": [],
				"url": {
					"raw": "http://{{JenkinsUserId}}:{{JenkinsRestToken}}@{{JenkinsUrl}}:8080/job/{{JobName}}/lastBuild/buildNumber",
					"protocol": "http",
					"auth": {
						"user": "{{JenkinsUserId}}",
						"password": "{{JenkinsRestToken}}"
					},
					"host": [
						"{{JenkinsUrl}}"
					],
					"port": "8080",
					"path": [
						"job",
						"{{JobName}}",
						"lastBuild",
						"buildNumber"
					]
				}
			},
			"response": []
		},
		{
			"name": "LastBuild buildTimeStamp",
			"event": [
				{
					"listen": "test",
					"script": {
						"exec": [
							"pm.test(\"Status code is 200\", function () {",
							"    pm.response.to.have.status(200);",
							"});",
							"pm.test(\"Status code name has string\", function () {",
							"    pm.response.to.have.status(\"OK\");",
							"});",
							"pm.test(\"Response time is less than 600ms\", function () {",
							"    pm.expect(pm.response.responseTime).to.be.below(600);",
							"});",
							"pm.test(\"Body matches string\", function () {",
							"    pm.expect(pm.response.text()).to.have.lengthOf(17);",
							"});"
						],
						"type": "text/javascript"
					}
				}
			],
			"request": {
				"method": "GET",
				"header": [],
				"url": {
					"raw": "http://{{JenkinsUserId}}:{{JenkinsRestToken}}@{{JenkinsUrl}}:8080/job/{{JobName}}/lastBuild/buildTimestamp",
					"protocol": "http",
					"auth": {
						"user": "{{JenkinsUserId}}",
						"password": "{{JenkinsRestToken}}"
					},
					"host": [
						"{{JenkinsUrl}}"
					],
					"port": "8080",
					"path": [
						"job",
						"{{JobName}}",
						"lastBuild",
						"buildTimestamp"
					]
				}
			},
			"response": []
		},
		{
			"name": "LastBuild buildTimeStamp with Format",
			"event": [
				{
					"listen": "test",
					"script": {
						"exec": [
							"pm.test(\"Status code is 200\", function () {",
							"    pm.response.to.have.status(200);",
							"});",
							"pm.test(\"Status code name has string\", function () {",
							"    pm.response.to.have.status(\"OK\");",
							"});",
							"pm.test(\"Response time is less than 600ms\", function () {",
							"    pm.expect(pm.response.responseTime).to.be.below(600);",
							"});",
							"pm.test(\"Body matches string\", function () {",
							"    pm.expect(pm.response.text()).to.have.lengthOf(10);",
							"});"
						],
						"type": "text/javascript"
					}
				}
			],
			"request": {
				"method": "GET",
				"header": [],
				"url": {
					"raw": "http://{{JenkinsUserId}}:{{JenkinsRestToken}}@{{JenkinsUrl}}:8080/job/{{JobName}}/lastBuild/buildTimestamp?format=yyyy/MM/dd",
					"protocol": "http",
					"auth": {
						"user": "{{JenkinsUserId}}",
						"password": "{{JenkinsRestToken}}"
					},
					"host": [
						"{{JenkinsUrl}}"
					],
					"port": "8080",
					"path": [
						"job",
						"{{JobName}}",
						"lastBuild",
						"buildTimestamp"
					],
					"query": [
						{
							"key": "format",
							"value": "yyyy/MM/dd"
						}
					]
				}
			},
			"response": []
		},
		{
			"name": "lastSuccessfulBuild",
			"event": [
				{
					"listen": "test",
					"script": {
						"exec": [
							"pm.test(\"Status code is 200\", function () {",
							"    pm.response.to.have.status(200);",
							"});",
							"pm.test(\"Status code name has string\", function () {",
							"    pm.response.to.have.status(\"OK\");",
							"});",
							"pm.test(\"Response time is less than 600ms\", function () {",
							"    pm.expect(pm.response.responseTime).to.be.below(600);",
							"});",
							""
						],
						"type": "text/javascript"
					}
				}
			],
			"request": {
				"method": "GET",
				"header": [],
				"url": {
					"raw": "http://{{JenkinsUserId}}:{{JenkinsRestToken}}@{{JenkinsUrl}}:8080/job/{{JobName}}/lastSuccessfulBuild/api/json",
					"protocol": "http",
					"auth": {
						"user": "{{JenkinsUserId}}",
						"password": "{{JenkinsRestToken}}"
					},
					"host": [
						"{{JenkinsUrl}}"
					],
					"port": "8080",
					"path": [
						"job",
						"{{JobName}}",
						"lastSuccessfulBuild",
						"api",
						"json"
					]
				}
			},
			"response": []
		},
		{
			"name": "lastCompletedBuild",
			"event": [
				{
					"listen": "test",
					"script": {
						"exec": [
							"pm.test(\"Status code is 200\", function () {",
							"    pm.response.to.have.status(200);",
							"});",
							"pm.test(\"Status code name has string\", function () {",
							"    pm.response.to.have.status(\"OK\");",
							"});",
							"pm.test(\"Response time is less than 600ms\", function () {",
							"    pm.expect(pm.response.responseTime).to.be.below(600);",
							"});",
							""
						],
						"type": "text/javascript"
					}
				}
			],
			"request": {
				"method": "GET",
				"header": [],
				"url": {
					"raw": "http://{{JenkinsUserId}}:{{JenkinsRestToken}}@{{JenkinsUrl}}:8080/job/{{JobName}}/lastCompletedBuild/api/json",
					"protocol": "http",
					"auth": {
						"user": "{{JenkinsUserId}}",
						"password": "{{JenkinsRestToken}}"
					},
					"host": [
						"{{JenkinsUrl}}"
					],
					"port": "8080",
					"path": [
						"job",
						"{{JobName}}",
						"lastCompletedBuild",
						"api",
						"json"
					]
				}
			},
			"response": []
		},
		{
			"name": "lastStableBuild",
			"event": [
				{
					"listen": "test",
					"script": {
						"exec": [
							"pm.test(\"Status code is 200\", function () {",
							"    pm.response.to.have.status(200);",
							"});",
							"pm.test(\"Status code name has string\", function () {",
							"    pm.response.to.have.status(\"OK\");",
							"});",
							"pm.test(\"Response time is less than 600ms\", function () {",
							"    pm.expect(pm.response.responseTime).to.be.below(600);",
							"});",
							""
						],
						"type": "text/javascript"
					}
				}
			],
			"request": {
				"method": "GET",
				"header": [],
				"url": {
					"raw": "http://{{JenkinsUserId}}:{{JenkinsRestToken}}@{{JenkinsUrl}}:8080/job/{{JobName}}/lastBuild/api/json",
					"protocol": "http",
					"auth": {
						"user": "{{JenkinsUserId}}",
						"password": "{{JenkinsRestToken}}"
					},
					"host": [
						"{{JenkinsUrl}}"
					],
					"port": "8080",
					"path": [
						"job",
						"{{JobName}}",
						"lastBuild",
						"api",
						"json"
					]
				}
			},
			"response": []
		}
	],
	"variable": [
		{
			"key": "JenkinsUserId",
			"value": "restuser"
		}
	]
}